compound_id	name	cas	chemspider_id	pubchem_id	conc_max	conc_min	formula	smiles	molecular_weight	density
1	Ammonium bromide	12124-97-9	23804		3.56	0.1	H_{4}BrN	[Br-].[NH4+]	97.9425	2.429
2	MES hydrate	4432-31-9	70541		0.1	0.1	C_{6}H_{13}NO_{4}S	O=S(=O)(O)CCN1CCOCC1	195.2367	
3	Tris	77-86-1	6257		0.1	0.06	C_{4}H_{11}NO_{3}	OCC(N)(CO)CO	121.135	1.334
4	CAPS	1135-40-6	63979		0.1	0.1	C_{9}H_{19}NO_{3}S	O=S(=O)(O)CCCNC1CCCCC1	221.3171	1.19
5	Sodium citrate tribasic dihydrate	6132-04-3	64554		1.6	0.07	C_{6}H_{9}Na_{3}O_{9}	[Na+].[Na+].[Na+].O=C([O-])CC(O)(C([O-])=O)CC(=O)[O-].O.O	294.0996	
6	HEPES	7365-45-9	22278		0.1	0.05	C_{8}H_{18}N_{2}O_{4}S	[O-]S(=O)(=O)CCN1CC[NH+](CC1)CCO	238.3045	1.325
7	Sodium acetate trihydrate	127-09-3	21110		2.8	0.07	C_{2}H_{9}NaO_{5}	[Na+].[O-]C(=O)C.O.O.O	136.0796	
8	MOPS	1132-61-2	63972		0.1	0.1	C_{7}H_{15}NO_{4}S	O=S(=O)(O)CCCN1CCOCC1	209.2633	1.298
9	TAPS	29915-38-6	108495		0.1	0.1	C_{7}H_{17}NO_{6}S	O=S(=O)(O)CCCNC(CO)(CO)CO	243.278	1.483
10	Ammonium chloride	12125-02-9	23807		3.74	0.1	H_{4}ClN	[Cl-].[NH4+]	53.4915	1.53
11	Ammonium nitrate	16774-21-3	21511		9.68	0.1	H_{4}N_{2}O_{3}	[O-][N+]([O-])=O.[NH4+]	80.0434	1.72
12	Ammonium phosphate monobasic	7722-76-1	22812		2.61	0.1	H_{6}NO_{4}P	[O-]P(=O)(O)O.[NH4+]	115.0257	1.803
13	Ammonium phosphate dibasic	7783-28-0	22946		3.2	0.1	H_{9}N_{2}O_{4}P	[O-]P([O-])(=O)O.[NH4+].[NH4+]	132.0562	1.619
14	Ammonium sulfate	7783-20-2	22944		3.42	0.05	H_{8}N_{2}O_{4}S	O=S(=O)(O)O.N.N	132.1395	1.769
15	Calcium acetate	62-54-4	5890		1.64	0.1	C_{4}H_{6}CaO_{4}	[Ca+2].[O-]C(=O)C.[O-]C(=O)C	158.166	1.5
16	Calcium chloride dihydrate	10035-04-8	23227		3.57	0.004	H_{4}CaCl_{2}O_{2}	[Ca+2].[Cl-].[Cl-].O.O	147.0146	0.835
17	Lithium bromide	7550-35-8	74049		5.6	0.1	BrLi	[Li+].[Br-]	86.845	3.464
18	Lithium chloride	7447-41-8	22449		6.62	0.04	ClLi	[Li+].[Cl-]	42.394	
19	Magnesium acetate tetrahydrate	142-72-3	118734		2.69	0.01	C_{4}H_{14}MgO_{8}	[Mg+2].[O-]C(=O)C.[O-]C(=O)C.O.O.O.O	214.4542	
20	Magnesium chloride hexahydrate	7791-18-6	23046		3.73	0.004	H_{12}Cl_{2}MgO_{6}	[Mg+2].[Cl-].[Cl-].O.O.O.O.O.O	203.3027	
21	Magnesium sulfate heptahydrate	10034-99-8	23226		1.8	0.01	H_{14}MgO_{11}S	[Mg+2].[O-]S([O-])(=O)=O.O.O.O.O.O.O.O	246.4746	
22	Manganese chloride tetrahydrate	7773-01-5	24222		3.82	0.1	H_{8}Cl_{2}MnO_{4}	[Mn+2].[Cl-].[Cl-].O.O.O.O	197.9052	
23	Potassium acetate	127-08-2	29104		8.64	0.1	C_{2}H_{3}KO_{2}	CC(=O)[O-].[K+]	98.1423	
24	Potassium bromide	7758-02-3	22854		4.0	0.1	BrK	[K+].[Br-]	119.0023	
25	Potassium carbonate	584-08-7	10949		2.54	0.1	CK_{2}O_{3}	C(=O)([O-])[O-].[K+].[K+]	138.2055	2.29
26	Potassium chloride	7447-40-7	4707		2.32	0.01	ClK	[Cl-].[K+]	74.5513	
27	Potassium nitrate	7757-79-1	22843		1.78	0.1	KNO_{3}	[K+].[O-][N+]([O-])=O	101.1032	
28	Potassium phosphate monobasic	7778-77-0	22914		1.28	0.04	H_{2}KO_{4}P	[K+].[O-]P(=O)(O)O	136.0855	2.338
29	Potassium thiocyanate	333-20-0	9150		9.5	0.1	CKNS	C(#N)[S-].[K+]	97.1807	
30	Rubidium chloride	2151958	56434		2.85	0.1	ClRb	[Rb+].[Cl-]	120.9208	2.8
31	Sodium bromide	7647-15-6	22712		5.14	0.1	BrNa	[Na+].[Br-]	102.8938	
32	Sodium chloride	7647-14-5	5044		4.48	0.01	ClNa	[Na+].[Cl-]	58.4428	
33	Sodium molybdate dihydrate	10102-40-6	9870625		2.03	0.1	C_{18}H_{28}NNaO_{4}	[Na+].[O-]C(=O)CCCCCCC(O)c1cccnc1OCCCCC	345.409	
34	Sodium nitrate	7631-99-4	22688		4.0	0.1	NNaO_{3}	[Na+].[O-][N+]([O-])=O	84.9947	
35	Sodium phosphate monobasic monohydrate	10049-21-5	451007		3.32	0.03	H_{4}NaO_{5}P	[Na+].[O-]P(=O)(O)O.O	137.9923	
36	Sodium thiosulfate pentahydrate	10102-17-7	55396		2.83	0.1	H_{10}Na_{2}O_{8}S_{2}	[Na+].[Na+].[O-]S([O-])(=O)=S.O.O.O.O.O	248.1841	1.73
37	Zinc acetate dihydrate	557-34-6	2006347		1.18	0.05	C_{4}H_{10}O_{6}Zn	[Zn+2].[O-]C(=O)C.[O-]C(=O)C.O.O	219.5276	1.84
38	Potassium phosphate dibasic anhydrous	7758-11-4	22858		3.46	0.02	HK_{2}O_{4}P	[K+].[K+].[O-]P([O-])(=O)O	174.1759	2.44
39	Cobalt (II) sulfate heptahydrate	10026-24-1	55368		1.06	0.1	H_{14}CoO_{11}S	[Co+2].[O-]S([O-])(=O)=O.O.O.O.O.O.O.O	281.1028	2.03
40	Lithium sulfate monohydrate	10102-25-7	59698		2.03	0.1	Li_{2}O_{4}S	[Li+].[Li+].[O-]S([O-])(=O)=O	109.9446	
41	Potassium phosphate tribasic	7778-53-2	56408		3.05	0.1	K_{3}O_{4}P	[K+].[K+].[K+].[O-]P([O-])([O-])=O	212.2663	2.564
42	Ammonium thiocyanate	1762-95-4	14901		8.1	0.1	CH_{4}N_{2}S	[S-]C#N.[NH4+]	76.1209	1.305
43	Manganese sulfate monohydrate	10034-96-5	154594		3.07	0.1	H_{2}MnO_{5}S	[Mn+2].[O-]S([O-])(=O)=O.O	169.0159	
44	Magnesium nitrate hexahydrate	13446-18-9	175685		2.34	0.1	H_{12}MgN_{2}O_{12}	[Mg+2].[O-][N+]([O-])=O.[O-][N+]([O-])=O.O.O.O.O.O.O	256.4065	
45	PEG 20000	25322-68-3	13835235		40.0	10.0	C_{6}H_{14}O_{4}	C(CO)OC(CO)OC(CO)OC(CO)OC(CO)OC(CO)OC(CO)OC(CO)OC(CO)OC(CO)OC(CO)OC(CO)OC(CO)OC(CO)OC(CO)OC(CO)OC(CO)OC(CO)OC(CO)OC(CO)OC(CO)OC(CO)OC(CO)OC(CO)OC(CO)OC(CO)OC(CO)OC(CO)OC(CO)OC(CO)OC(CO)OC(CO)OC(CO)OC(CO)OC(CO)OC(CO)OC(CO)OC(CO)OC(CO)OC(CO)OC(CO)OC(CO)OC(CO)OC(CO)OC(CO)OC(CO)OC(CO)OC(CO)OC(CO)OC(CO)OC(CO)OC(CO)OC(CO)OC(CO)OC(CO)OC(CO)OC(CO)OC(CO)OC(CO)OC(CO)OC(CO)OC(CO)OC(CO)OC(CO)OC(CO)OC(CO)OC(CO)OC(CO)OC(CO)OC(CO)OC(CO)OC(CO)OC(CO)OC(CO)OC(CO)OC(CO)OC(CO)OC(CO)OC(CO)OC(CO)OC(CO)OC(CO)OC(CO)OC(CO)OC(CO)OC(CO)OC(CO)OC(CO)OC(CO)OC(CO)OC(CO)OC(CO)OC(CO)OC(CO)OC(CO)OC(CO)OC(CO)OC(CO)OC(CO)OC(CO)OC(CO)OC(CO)OC(CO)OC(CO)OC(CO)OC(CO)OC(CO)OC(CO)OC(CO)OC(CO)OC(CO)OC(CO)OC(CO)OC(CO)OC(CO)OC(CO)OC(CO)OC(CO)OC(CO)OC(CO)OC(CO)OC(CO)OC(CO)OC(CO)OC(CO)OC(CO)OC(CO)OC(CO)OC(CO)OC(CO)OC(CO)OC(CO)OC(CO)OC(CO)OC(CO)OC(CO)OC(CO)OC(CO)OC(CO)OC(CO)OC(CO)OC(CO)OC(CO)OC(CO)OC(CO)OC(CO)OC(CO)OC(CO)OC(CO)OC(CO)OC(CO)OC(CO)OC(CO)OC(CO)OC(CO)OC(CO)OC(CO)OC(CO)OC(CO)OC(CO)OC(CO)OC(CO)OC(CO)OC(CO)OC(CO)OC(CO)OC(CO)OC(CO)OC(CO)OC(CO)OC(CO)OC(CO)OC(CO)OC(CO)OC(CO)OC(CO)OC(CO)OC(CO)OC(CO)OC(CO)OC(CO)OC(CO)OC(CO)OC(CO)OC(CO)OC(CO)OC(CO)OC(CO)OC(CO)OC(CO)OC(CO)OC(CO)OC(CO)OC(CO)OC(CO)OC(CO)OC(CO)OC(CO)OC(CO)OC(CO)OC(CO)OC(CO)OC(CO)OC(CO)OC(CO)OC(CO)OC(CO)OC(CO)OC(CO)OC(CO)OC(CO)OC(CO)OC(CO)OC(CO)OC(CO)OC(CO)OC(CO)OC(CO)OC(CO)OC(CO)OC(CO)OC(CO)OC(CO)OC(CO)OC(CO)OC(CO)OC(CO)OC(CO)OC(CO)OC(CO)OC(CO)OC(CO)OC(CO)OC(CO)OC(CO)OC(CO)OC(CO)OC(CO)OC(CO)OC(CO)OC(CO)OC(CO)OC(CO)OC(CO)OC(CO)OC(CO)OC(CO)OC(CO)OC(CO)OC(CO)OC(CO)OC(CO)OC(CO)OC(CO)OC(CO)OC(CO)OC(CO)OC(CO)OC(CO)OC(CO)OC(CO)OC(CO)OC(CO)OC(CO)OC(CO)OC(CO)OC(CO)OC(CO)OC(CO)OC(CO)OC(CO)OC(CO)OC(CO)OC(CO)OC(CO)OC(CO)OC(CO)OC(CO)OC(CO)OC(CO)OC(CO)OC(CO)OC(CO)OC(CO)OC(CO)OC(CO)OC(CO)OC(CO)OC(CO)OC(CO)OC(CO)OC(CO)OC(CO)OC(CO)OC(CO)OC(CO)OC(CO)OC(CO)OC(CO)OC(CO)OC(CO)OC(CO)OC(CO)OC(CO)OC(CO)OC(CO)OC(CO)OC(CO)OC(CO)OC(CO)OC(CO)OC(CO)OC(CO)OC(CO)OC(CO)OC(CO)OC(CO)OC(CO)OC(CO)OC(CO)OC(CO)OC(CO)O	20000.0	
46	PEG 8000	25322-68-3	13835235		40.0	0.5	C_{55}H_{112}O_{28}	C(CO)OC(CO)OC(CO)OC(CO)OC(CO)OC(CO)OC(CO)OC(CO)OC(CO)OC(CO)OC(CO)OC(CO)OC(CO)OC(CO)OC(CO)OC(CO)OC(CO)OC(CO)OC(CO)OC(CO)OC(CO)OC(CO)OC(CO)OC(CO)OC(CO)OC(CO)OC(CO)OC(CO)OC(CO)OC(CO)OC(CO)OC(CO)OC(CO)OC(CO)OC(CO)OC(CO)OC(CO)OC(CO)OC(CO)OC(CO)OC(CO)OC(CO)OC(CO)OC(CO)OC(CO)OC(CO)OC(CO)OC(CO)OC(CO)OC(CO)OC(CO)OC(CO)OC(CO)OC(CO)OC(CO)OC(CO)OC(CO)OC(CO)OC(CO)OC(CO)OC(CO)OC(CO)OC(CO)OC(CO)OC(CO)OC(CO)OC(CO)OC(CO)OC(CO)OC(CO)OC(CO)OC(CO)OC(CO)OC(CO)OC(CO)OC(CO)OC(CO)OC(CO)OC(CO)OC(CO)OC(CO)OC(CO)OC(CO)OC(CO)OC(CO)OC(CO)OC(CO)OC(CO)OC(CO)OC(CO)OC(CO)OC(CO)OC(CO)OC(CO)OC(CO)OC(CO)OC(CO)OC(CO)OC(CO)OC(CO)OC(CO)OC(CO)OC(CO)OC(CO)OC(CO)OC(CO)OC(CO)OC(CO)OC(CO)OC(CO)OC(CO)OC(CO)OC(CO)OC(CO)OC(CO)OC(CO)OC(CO)OC(CO)OC(CO)OC(CO)OC(CO)OC(CO)OC(CO)OC(CO)OC(CO)OC(CO)OC(CO)OC(CO)O	8000.0	
47	PEG 4000	25322-68-3	13835235		40.0	5.0	C_{6}H_{14}O_{4}	C(CO)OC(CO)OC(CO)OC(CO)OC(CO)OC(CO)OC(CO)OC(CO)OC(CO)OC(CO)OC(CO)OC(CO)OC(CO)OC(CO)OC(CO)OC(CO)OC(CO)OC(CO)OC(CO)OC(CO)OC(CO)OC(CO)OC(CO)OC(CO)OC(CO)OC(CO)OC(CO)OC(CO)OC(CO)OC(CO)OC(CO)OC(CO)OC(CO)OC(CO)OC(CO)OC(CO)OC(CO)OC(CO)OC(CO)OC(CO)OC(CO)OC(CO)OC(CO)OC(CO)OC(CO)OC(CO)OC(CO)OC(CO)OC(CO)OC(CO)OC(CO)OC(CO)OC(CO)OC(CO)OC(CO)OC(CO)OC(CO)OC(CO)OC(CO)OC(CO)OC(CO)OC(CO)OC(CO)OC(CO)O	4000.0	
48	PEG 1000	25322-68-3	13835235		40.0	10.0	C_{6}H_{14}O_{4}	C(CO)OC(CO)OC(CO)OC(CO)OC(CO)OC(CO)OC(CO)OC(CO)OC(CO)OC(CO)OC(CO)OC(CO)OC(CO)OC(CO)OC(CO)OC(CO)O	1000.0	
49	PEG 400	25322-68-3	13835235		80.0	1.7	C_{6}H_{14}O_{4}	C(CO)OC(CO)OC(CO)OC(CO)OC(CO)OC(CO)O	400.0	1.126
50	MPD	107-41-5	13884973		0.2	0.2	C_{6}H_{14}O_{2}	CC(O)CC(C)(C)O	118.1742	0.9254
51	Bicine	150-25-4	8431		0.1	0.1	C_{6}H_{13}NO_{4}	O=C(O)CN(CCO)CCO	163.1717	1.31
52	1,4-Dioxane	123-91-1	29015		35.0	2.0	C_{4}H_{8}O_{2}	O1CCOCC1	88.1051	1.034
53	MES monohydrate	4432-31-9	70541		0.1	0.05	C_{6}H_{13}NO_{4}S	O=S(=O)(O)CCN1CCOCC1	195.2367	
54	Iso-propanol	67-63-1	3644		30.0	5.0	C_{3}H_{8}O	CC(C)O	60.095	0.786
55	Ammonium acetate	631-61-8	11925		4.0	0.05	C_{2}H_{7}NO_{2}	O=C(O)C.N	77.0825	1.17
56	Sodium cacodylate trihydrate	124-65-2	13990311		0.1	0.04	C_{2}H_{12}AsNaO_{5}	[Na+].O.O.O.[O-][As](C)(C)=O	214.025	
57	1,6-hexanediol	629-11-8	13839416		35.0	0.2	C_{6}H_{14}O_{2}	OCCCCCCO	118.1742	0.963
58	HEPES-Na	25277-39-3	21241982		0.1	0.02	C_{8}H_{17}N_{2}NaO_{4}S	OCCN1CCN(CC1)CCS(=O)(=O)O[Na]	260.2863	
59	PEG MME 550	9004-74-4	7728		30.0	10.0	C_{5}H_{8}O_{2}	COCCOCOCCOCOCCOCOCCOCOCCOCOCCOCOCCO	550.0	1.094
60	PEG 200	25322-68-3	13835235		20.0	20.0	C_{6}H_{14}O_{4}	C(CO)OC(CO)OC(CO)O	200.0	
61	Tris HCl	1185-53-1	84470		0.75	0.05	C_{4}H_{12}ClNO_{3}	Cl.OCC(N)(CO)CO	157.596	
62	Spermine tetrahydrochloride	71-44-4	9015		0.01	0.01	C_{10}H_{30}Cl_{4}N_{4}	Cl.Cl.Cl.Cl.NCCCNCCCCNCCCN	348.184	0.938
63	Barium chloride	10361-37-2	23540		0.02	0.02	BaCl_{2}	[Ba+2].[Cl-].[Cl-]	208.233	3.856
64	Strontium chloride	10476-85-4	55440		0.08	0.08	Cl_{2}Sr	[Sr+2].[Cl-].[Cl-]	158.526	
65	Potassium sodium tartrate tetrahydrate	6381-59-5	8991		1.2	0.2	C_{4}H_{4}KNaO_{6}	[K+].[Na+].O=C([O-])[C@H](O)[C@@H](O)C([O-])=O	210.159	
66	Imidazole	288-32-4	773		1.0	0.07	C_{3}H_{4}N_{2}	c1cnc[nH]1	68.0773	1.116
67	Sodium formate	141-53-7	8517		4.0	0.1	CHNaO_{2}	[Na+].[O-]C=O	68.0072	
68	PEG 1500	25322-68-3	13835235		30.0	24.0	C_{12}H_{40}O_{7}	C(CO)OC(CO)OC(CO)OC(CO)OC(CO)OC(CO)OC(CO)OC(CO)OC(CO)OC(CO)OC(CO)OC(CO)OC(CO)OC(CO)OC(CO)OC(CO)OC(CO)OC(CO)OC(CO)OC(CO)OC(CO)OC(CO)OC(CO)OC(CO)O	1500.0	
69	Magnesium formate dihydrate	6150-82-9	61687		0.7	0.1	C_{2}H_{2}MgO_{4}	[Mg+2].[O-]C=O.[O-]C=O	114.3399	
70	Calcium acetate hydrate	114460-21-8	10613181		0.2	0.16	C_{2}H_{5}CaO_{3}	[Ca+2].O.[O-]C(C)=O	117.1368	
71	PEG 6000	25322-68-3	13835235		30.0	5.0	C_{6}H_{15}NO	C(CO)OC(CO)OC(CO)OC(CO)OC(CO)OC(CO)OC(CO)OC(CO)OC(CO)OC(CO)OC(CO)OC(CO)OC(CO)OC(CO)OC(CO)OC(CO)OC(CO)OC(CO)OC(CO)OC(CO)OC(CO)OC(CO)OC(CO)OC(CO)OC(CO)OC(CO)OC(CO)OC(CO)OC(CO)OC(CO)OC(CO)OC(CO)OC(CO)OC(CO)OC(CO)OC(CO)OC(CO)OC(CO)OC(CO)OC(CO)OC(CO)OC(CO)OC(CO)OC(CO)OC(CO)OC(CO)OC(CO)OC(CO)OC(CO)OC(CO)OC(CO)OC(CO)OC(CO)OC(CO)OC(CO)OC(CO)OC(CO)OC(CO)OC(CO)OC(CO)OC(CO)OC(CO)OC(CO)OC(CO)OC(CO)OC(CO)OC(CO)OC(CO)OC(CO)OC(CO)OC(CO)OC(CO)OC(CO)OC(CO)OC(CO)OC(CO)OC(CO)OC(CO)OC(CO)OC(CO)OC(CO)OC(CO)OC(CO)OC(CO)OC(CO)OC(CO)OC(CO)OC(CO)OC(CO)OC(CO)OC(CO)OC(CO)OC(CO)OC(CO)OC(CO)OC(CO)O	6000.0	
72	Hexadecyltrimethylammonium bromide	57-09-0	5754		0.01	0.01	C_{19}H_{42}BrN	CCCCCCCCCCCCCCCC[N+](C)(C)C.[Br-]	364.4475	
73	Ethylene Glycol	107-21-1	13835235		25.0	8.0	C_{2}H_{6}O_{2}	C(CO)O	62.0678	1.109
74	Ethanol	64-17-5	682		20.0	10.0	C_{2}H_{6}O	CCO	46.0684	0.7893
75	Cobalt(II) chloride hexahydrate	7791-13-1	10696575		0.02	0.004	H_{12}ClCoO_{6}	[Co+2].[Cl-].O.O.O.O.O.O	202.4773	
76	Cadmium chloride dihydrate	72589-96-9	10654636		0.1	0.004	H_{4}CdClO_{2}	[Cd+2].[Cl-].O.O	183.894	
77	PEG MME 2000	9004-74-4	7728		30.0	1.0	C_{5}H_{8}O_{2}	COCCOCOCCOCOCCOCOCCOCOCCOCOCCOCOCCOCOCCOCOCCOCOCCOCOCCOCOCCOCOCCOCOCCOCOCCOCOCCOCOCCOCOCCOCOCCOCOCCOCOCCOCOCCOCOCCOCOCCOCOCCOCOCCO	2000.0	
78	Ethylene imine polymer	9002-98-6	3928332	24845612	2.0	2.0	C16H23NO2	CCC(=O)OC1(CC(N(C1C)C)C)C2=CC=CC=C2	261.35932	1.08
321	Ammonium citrate tribasic		17896	13725959	0.15	0.005	C_{6}H_{17}N_{3}O_{7}	C(C(=O)O)C(CC(=O)O)(C(=O)O)O.N.N.N	243.21508	
79	tert-Butanol	75-65-0	6146		35.0	25.0	C_{4}H_{10}O	CC(C)(C)O	74.1216	0.79
80	Jeffamine M-600 reagent	77110-54-4		24846306	30.0	10.0	C8H12ClN5O3S	C1=CC(=CC=C1N=C(N)N=C(N)N)S(=O)(=O)O.Cl	600.0	0.979
81	Ferric chloride hexahydrate	7705-08-0	23195		0.01	0.01	H_{12}Cl_{3}FeO_{6}	O.O.O.O.O.O.[Cl-].[Cl-].[Cl-].[Fe+3]	270.2957	
82	Cesium chloride	7647-17-8	22713		0.15	0.05	ClCs	[Cs+].[Cl-]	168.3585	3.99
83	PEG MME 5000	9004-74-4	7728		30.0	0.5	C_{5}H_{8}O_{2}	COCCOCOCCOCOCCOCOCCOCOCCOCOCCOCOCCOCOCCOCOCCOCOCCOCOCCOCOCCOCOCCOCOCCOCOCCOCOCCOCOCCOCOCCOCOCCOCOCCOCOCCOCOCCOCOCCOCOCCOCOCCOCOCCOCOCCOCOCCOCOCCOCOCCOCOCCOCOCCOCOCCOCOCCOCOCCOCOCCOCOCCOCOCCOCOCCOCOCCOCOCCOCOCCOCOCCOCOCCOCOCCOCOCCOCOCCOCOCCOCOCCOCOCCOCOCCOCOCCOCOCCOCOCCOCOCCOCOCCOCOCCOCOCCOCOCCOCOCCOCOCCOCOCCOCOCCOCOCCOCOCCO	5000.0	
84	Zinc sulfate heptahydrate	7446-20-0	56392		0.01	0.01	H_{14}O_{11}SZn	[Zn+2].[O-]S([O-])(=O)=O.O.O.O.O.O.O.O	287.5786	
85	Ammonium formate	540-69-2	10442		2.0	0.2	CH_{5}NO_{2}	C(=O)O.N	63.0559	1.28
86	Cadmium sulfate octahydrate	7790-84-3	2341321		0.05	0.05	H_{16}CdO_{12}S	[Cd+2].[O-]S([O-])(=O)=O.O.O.O.O.O.O.O.O	352.5958	3.08
87	PEG 10000	25322-68-3	13835235		20.0	17.0	C_{6}H_{14}O_{4}	C(CO)OC(CO)OC(CO)OC(CO)OC(CO)OC(CO)OC(CO)OC(CO)OC(CO)OC(CO)OC(CO)OC(CO)OC(CO)OC(CO)OC(CO)OC(CO)OC(CO)OC(CO)OC(CO)OC(CO)OC(CO)OC(CO)OC(CO)OC(CO)OC(CO)OC(CO)OC(CO)OC(CO)OC(CO)OC(CO)OC(CO)OC(CO)OC(CO)OC(CO)OC(CO)OC(CO)OC(CO)OC(CO)OC(CO)OC(CO)OC(CO)OC(CO)OC(CO)OC(CO)OC(CO)OC(CO)OC(CO)OC(CO)OC(CO)OC(CO)OC(CO)OC(CO)OC(CO)OC(CO)OC(CO)OC(CO)OC(CO)OC(CO)OC(CO)OC(CO)OC(CO)OC(CO)OC(CO)OC(CO)OC(CO)OC(CO)OC(CO)OC(CO)OC(CO)OC(CO)OC(CO)OC(CO)OC(CO)OC(CO)OC(CO)OC(CO)OC(CO)OC(CO)OC(CO)OC(CO)OC(CO)OC(CO)OC(CO)OC(CO)OC(CO)OC(CO)OC(CO)OC(CO)OC(CO)OC(CO)OC(CO)OC(CO)OC(CO)OC(CO)OC(CO)OC(CO)OC(CO)OC(CO)OC(CO)OC(CO)OC(CO)OC(CO)OC(CO)OC(CO)OC(CO)OC(CO)OC(CO)OC(CO)OC(CO)OC(CO)OC(CO)OC(CO)OC(CO)OC(CO)OC(CO)OC(CO)OC(CO)OC(CO)OC(CO)OC(CO)OC(CO)OC(CO)OC(CO)OC(CO)OC(CO)OC(CO)OC(CO)OC(CO)OC(CO)OC(CO)OC(CO)OC(CO)OC(CO)OC(CO)OC(CO)OC(CO)OC(CO)OC(CO)OC(CO)OC(CO)OC(CO)OC(CO)OC(CO)OC(CO)OC(CO)OC(CO)OC(CO)OC(CO)OC(CO)OC(CO)OC(CO)OC(CO)OC(CO)OC(CO)OC(CO)OC(CO)OC(CO)OC(CO)OC(CO)OC(CO)OC(CO)O	10000.0	
88	Nickel(II) chloride hexahydrate	7718-54-9	23047		0.02	0.004	H_{12}Cl_{2}NiO_{6}	[Ni+2].[Cl-].[Cl-].O.O.O.O.O.O	237.6911	
89	Glycerol anhydrous	56-81-5	733		50.0	0.2	C_{3}H_{8}O_{3}	C(C(CO)O)O	92.0938	1.26
90	Sodium Malonate	141-95-7	8532		3.4	0.1	C_{3}H_{2}Na_{2}O_{4}	[Na+].[Na+].[O-]C(=O)CC([O-])=O	148.0251	
91	Bis-Tris	6976-37-0	73505		0.1	0.05	C_{8}H_{19}NO_{5}	OCCN(C(CO)(CO)CO)CCO	209.2402	1.346
92	Citric acid	77-92-9	305		0.1	0.02	C_{6}H_{8}O_{7}	C(C(=O)O)C(CC(=O)O)(C(=O)O)O	192.1235	1.665
93	Sodium phosphate monobasic	7558-80-7	22626		3.32	0.1	H_{2}NaO_{4}P	[Na+].[O-]P(=O)(O)O	119.977	
94	Potassium phosphate dibasic trihydrate	16788-57-1	10645789		3.46	0.02	H_{7}K_{2}O_{7}P	[K+].O.O.O.[K+].[O-]P([O-])(O)=O	228.2217	2.338
95	Potassium phosphate tribasic monohydrate	27176-10-9	10769100		3.05	0.1	H_{2}K_{3}O_{5}P	[K+].[K+].[K+].O.[O-]P([O-])([O-])=O	230.2815	2.564
96	tri-Ammonium Citrate	3458-72-8	17896		2.0	0.1	C_{6}H_{17}N_{3}O_{7}	O=C([O-])CC(O)(C([O-])=O)CC(=O)[O-].[NH4+].[NH4+].[NH4+]	243.2151	
97	Succinic Acid	110-15-6	1078		1.0	0.1	C_{4}H_{6}O_{4}	C(CC(=O)O)C(=O)O	118.088	
98	DL-Malic acid	110-16-7	510		2.2	0.1	C_{4}H_{6}O_{5}	O=C(O)CC(O)C(=O)O	134.0874	1.641
99	di-Ammonium Tartrate	3164-29-2	2006376		1.4	0.1	C_{4}H_{12}N_{2}O_{6}	O=C([O-])C(O)C(O)C([O-])=O.[NH4+].[NH4+]	184.1479	
100	Tacsimate				60.0	2.0				
101	PEG 3350	25322-68-3	13835235		25.0	1.0	C_{6}H_{14}O_{4}	C(CO)OC(CO)OC(CO)OC(CO)OC(CO)OC(CO)OC(CO)OC(CO)OC(CO)OC(CO)OC(CO)OC(CO)OC(CO)OC(CO)OC(CO)OC(CO)OC(CO)OC(CO)OC(CO)OC(CO)OC(CO)OC(CO)OC(CO)OC(CO)OC(CO)OC(CO)OC(CO)OC(CO)OC(CO)OC(CO)OC(CO)OC(CO)OC(CO)OC(CO)OC(CO)OC(CO)OC(CO)OC(CO)OC(CO)OC(CO)OC(CO)OC(CO)OC(CO)OC(CO)OC(CO)OC(CO)OC(CO)OC(CO)OC(CO)OC(CO)OC(CO)OC(CO)OC(CO)O	3350.0	
102	Jeffamine ED-2001 reagent	65605-36-9		24848714	30.0	0.5	C38H36N6Na2O10S2	CCCOC1=C(C=CC(=C1)C2=CC(=C(C=C2)NN=C3C(=CC4=C(C3=O)C=C(C=C4)N)S(=O)(=O)O)OCCC)NN=C5C(=CC6=C(C5=O)C=C(C=C6)N)S(=O)(=O)O.[Na].[Na]	2000.0	1.056
103	Pentaerythritol propoxylate (5/4 PO/OH)	9051-49-4		24866238	35.0	35.0	C14H17NO4S	C=CCC12CCOS(=O)(=O)NC1C3=CC=CC=C3CO2	426.0	1.05
104	Pentaerythritol ethoxylate (15/4 EO/OH)	30599-15-6			30.0	30.0			797.0	1.2
320	Malonic acid		844	867	1.0983	0.03661	C_{3}H_{4}O_{4}	C(C(=O)O)C(=O)O	104.06146	
105	Sodium fluoride	7681-49-4	5045		0.2	0.2	FNa	[F-].[Na+]	41.9882	
106	Potassium fluoride	7789-23-3	23006		0.2	0.2	FK	[F-].[K+]	58.0967	
107	Ammonium fluoride	12125-01-8	23806		0.2	0.2	H_{4}FN	[F-].[NH4+]	37.0369	1.009
108	Sodium iodide	7681-82-5	5048		0.2	0.2	INa	[Na+].[I-]	149.8942	
109	Potassium iodide	7681-11-0	4709		0.2	0.2	IK	[K+].[I-]	166.0028	
110	Ammonium iodide	12027-06-4	23785		0.2	0.2	H_{4}IN	[I-].[NH4+]	144.9429	2.51
111	Sodium thiocyanate	540-72-7	10443		0.2	0.2	CNNaS	[Na+].[S-]C#N	81.0722	
112	Lithium nitrate	7790-69-4	8305408		0.2	0.2	LiNO_{3}	[Li+].[O-][N+]([O-])=O	68.9459	
113	Potassium formate	590-29-4	11054		0.2	0.2	CHKO_{2}	[K+].[O-]C=O	84.1157	
114	Lithium acetate dihydrate	546-89-4	2006276		0.2	0.2	C_{2}H_{7}LiO_{4}	[Li+].[O-]C(=O)C.O.O	102.0156	
115	Sodium sulfate decahydrate	7727-73-3	10608311		0.2	0.2	H_{20}NaO_{14}S	O.O.O.O.[Na+].O.O.O.O.O.O.[O-]S([O-])(=O)=O	299.2057	
116	Potassium sulfate	7778-80-5	22915		0.2	0.2	K_{2}O_{4}S	[K+].[K+].[O-]S([O-])(=O)=O	174.2592	
117	di-sodium tartrate dihydrate	6106-24-7	451373		0.2	0.2	C_{4}H_{8}Na_{2}O_{8}	[Na+].[Na+].O=C([O-])C(O)C(O)C([O-])=O.O.O	230.0811	
118	di-sodium hydrogen phosphate dihydrate	7558-79-4	4953646		0.2	0.2	H_{5}Na_{2}O_{6}P	[Na+].[Na+].[O-]P([O-])(=O)O.O.O	177.9894	
119	tri-lithium citrate tetrahydrate	6080-58-6	2006277		0.2	0.2	C_{6}H_{13}Li_{3}O_{11}	[Li+].[Li+].[Li+].O=C([O-])CC(O)(C([O-])=O)CC(=O)[O-].O.O.O.O	281.9838	
120	tri-potassium citrate monohydrate	6100-05-6	21075		0.2	0.2	C_{7}H_{7}K_{3}O_{7}	[K+].[K+].[K+].O=C([O-])CC(O)(CC([O-])=O)CC(=O)[O-]	320.4212	
121	di-Ammonium hydrogen citrate	3012-65-5	17164		1.8	0.2	C_{6}H_{14}N_{2}O_{7}	O=C([O-])CC(O)(C(=O)O)CC(=O)[O-].[NH4+].[NH4+]	226.1846	
122	Polypropylene glycol P 400	25322-69-4	13835224		45.0	45.0	C_{3}H_{8}O_{2}	CC(CO)O	76.09442	1.009
123	Poly(acrylic acid sodium salt) 5,100		9870625		22.0	22.0	C_{18}H_{28}NNaO_{4}	[Na+].[O-]C(=O)CCCCCCC(O)c1cccnc1OCCCCC	345.409	
124	Polyvinylpyrrolidone K 15	9003-39-8	6651		20.0	20.0	C_{6}H_{9}NO	C=CN1CCCC1=O	111.14176	
125	L-Proline	147-85-3	128566		0.2	0.05	C_{5}H_{9}NO_{2}	C1C[C@H](NC1)C(=O)O	115.1305	1.187
126	Trimethylamine N-oxide dihydrate	1184-78-7	171750		0.2	0.2	C_{3}H_{13}NO_{3}	[O-][N+](C)(C)C.O.O	111.1402	
127	Bis-Tris Propane	64431-96-5	111383		0.1	0.03	C_{11}H_{26}N_{2}O_{6}	OCC(NCCCNC(CO)(CO)CO)(CO)CO	282.3339	1.326
128	Sodium Succinate	6106-21-4	2341076		1.0	0.5	C_{4}H_{16}Na_{2}O_{10}	[Na+].[Na+].[O-]C(=O)CCC([O-])=O.O.O.O.O.O.O	270.1434	
129	1,5-Naphthalenedisulfonic acid disodium salt	1655-29-4	66855		0.33	0.16	C_{10}H_{6}Na_{2}O_{6}S_{2}	[Na+].[Na+].[O-]S(=O)(=O)c1cccc2c1cccc2S([O-])(=O)=O	332.2606	
130	2,5-Pyridinedicarboxylic acid	100-26-5	7212		0.33	0.2	C_{7}H_{5}NO_{4}	O=C(O)c1ncc(C(=O)O)cc1	167.1189	1.551
131	3,5-Dinitrosalicylic acid	609-99-4	11380		0.33	0.2	C_{7}H_{4}N_{2}O_{7}	c1c(cc(c(c1C(=O)O)O)[N+](=O)[O-])[N+](=O)[O-]	228.12	1.838
132	Benzidine	92-87-5	6844		0.25	0.07	C_{12}H_{12}N_{2}	c2c(c1ccc(N)cc1)ccc(N)c2	184.2371	1.25
133	Nicotinamide	98-92-0	911		0.25	0.2	C_{6}H_{6}N_{2}O	c1cc(cnc1)C(=O)N	122.1246	1.205
134	Pyromellitic acid	89-05-4	6695		0.25	0.16	C_{10}H_{6}O_{8}	O=C(O)c1cc(c(cc1C(=O)O)C(=O)O)C(=O)O	254.1498	1.821
135	Sulfaguanidine	57-67-0	5133		0.25	0.2	C_{7}H_{10}N_{4}O_{2}S	O=S(=O)(/N=C(\N)N)c1ccc(N)cc1	214.2449	1.62
136	Gly-gly	556-50-3	10690		0.25	0.16	C_{4}H_{8}N_{2}O_{3}	O=C(NCC(=O)O)CN	132.1179	1.337
137	Gly-gly-gly	556-33-2	10688		0.25	0.16	C_{6}H_{11}N_{3}O_{4}	O=C(NCC(=O)O)CNC(=O)CN	189.1692	1.373
138	Gly-gly-gly-gly	637-84-3	62688		0.25	0.25	C_{8}H_{14}N_{4}O_{5}	O=C(NCC(=O)O)CNC(=O)CNC(=O)CN	246.2206	1.393
139	Pentaglycine	7093-67-6	73571		0.25	0.16	C_{10}H_{17}N_{5}O_{6}	O=C(NCC(=O)O)CNC(=O)CNC(=O)CNC(=O)CN	303.2719	1.406
140	4-Aminobenzoic acid	150-13-0	953		0.25	0.2	C_{7}H_{7}NO_{2}	O=C(O)c1ccc(N)cc1	137.136	1.374
141	Salicylic acid	69-72-7	331		0.33	0.16	C_{7}H_{6}O_{3}	c1ccc(c(c1)C(=O)O)O	138.1207	1.376
142	Trimesic acid	554-95-0	10665		0.33	0.16	C_{9}H_{6}O_{6}	c1c(cc(cc1C(=O)O)C(=O)O)C(=O)O	210.1403	1.654
143	4-Nitrobenzoic acid	62-23-7	5882		0.33	0.16	C_{7}H_{5}NO_{4}	O=[N+]([O-])c1ccc(C(=O)O)cc1	167.1189	1.61
144	5-Sulfosalicylic acid dihydrate	5965-83-3	2005927		0.33	0.16	C_{7}H_{10}O_{8}S	O=C(O)c1cc(ccc1O)S(=O)(=O)O.O.O	254.2145	
145	Naphthalene-1,3,6-trisulfonic acid trisodium salt hydrate	123409-01-8	71190		0.33	0.16	C_{10}H_{5}Na_{3}O_{9}S_{3}	[Na+].[Na+].[Na+].[O-]S(=O)(=O)c1cc2c(cc1)c(cc(c2)S([O-])(=O)=O)S([O-])(=O)=O	434.3056	
146	2,6-Naphthalenedisulfonic acid disodium salt	1655-45-4	2282568		0.33	0.16	C_{10}H_{6}Na_{2}O_{6}S_{2}	[Na+].[Na+].[O-]S(=O)(=O)c1ccc2c(c1)ccc(c2)S([O-])(=O)=O	332.2606	
147	2,7-Naphthalenedisulfonic acid disodium salt	1655-35-2	66856		0.33	0.16	C_{10}H_{6}Na_{2}O_{6}S_{2}	[Na+].[Na+].[O-]S(=O)(=O)c1cc2c(cc1)ccc(c2)S([O-])(=O)=O	332.2606	
148	Anthraquinone-2,6-disulfonic acid disodium salt	853-68-9	63259		0.33	0.25	C_{14}H_{6}Na_{2}O_{8}S_{2}	[Na+].[Na+].[O-]S(=O)(=O)c3ccc2C(=O)c1c(ccc(c1)S([O-])(=O)=O)C(=O)c2c3	412.3022	
149	PIPES	5625-37-6	72022		0.33	0.06	C_{8}H_{18}N_{2}O_{6}S_{2}	O=S(=O)(O)CCN1CCN(CCS(=O)(=O)O)CC1	302.3683	1.505
150	1-Pentanesulfonic acid sodium salt monohydrate	207605-40-1	81080		0.25	0.25	C_{5}H_{11}NaO_{3}S	[Na+].[O-]S(=O)(=O)CCCCC	174.1938	
151	3-Aminosalicylic acid	570-23-0	61723		0.33	0.25	C_{7}H_{7}NO_{3}	c1cc(c(c(c1)N)O)C(=O)O	153.1354	1.492
152	Salicylamide	65-45-2	4963		0.25	0.25	C_{7}H_{7}NO_{2}	O=C(c1ccccc1O)N	137.136	1.286
153	L-Histidine	71-00-1	6038		0.16	0.05	C_{6}H_{9}N_{3}O_{2}	C1=C(N=CN1)C[C@@H](C(=O)O)N	155.1546	1.423
154	L-Isoleucine	73-32-5	6067		0.16	0.05	C_{6}H_{13}NO_{2}	CC[C@H](C)[C@@H](C(=O)O)N	131.1729	1.036
155	L-Leucine	61-90-5	5880		0.16	0.05	C_{6}H_{13}NO_{2}	CC(C)C[C@@H](C(=O)O)N	131.1729	1.036
156	L-Phenylalanine	63-91-2	5910		0.16	0.05	C_{9}H_{11}NO_{2}	c1ccc(cc1)C[C@@H](C(=O)O)N	165.1891	1.202
157	L-Tryptophan	73-22-3	6066		0.16	0.05	C_{11}H_{12}N_{2}O_{2}	c1ccc2c(c1)c(c[nH]2)C[C@@H](C(=O)O)N	204.2252	1.363
158	L-Tyrosine	60-18-4	5833		0.16	0.05	C_{9}H_{11}NO_{3}	c1cc(ccc1C[C@@H](C(=O)O)N)O	181.1885	1.334
159	D-(+)-Trehalose dihydrate	6138-23-4	7149		0.2	0.2	C_{12}H_{22}O_{11}	C([C@@H]1[C@H]([C@@H]([C@H]([C@H](O1)O[C@@H]2[C@@H]([C@H]([C@@H]([C@H](O2)CO)O)O)O)O)O)O)O	342.2965	1.768
160	Guanidine hydrochloride	50-01-1	5540		0.2	0.2	CH_{6}ClN_{3}	C(=N)(N)N.Cl	95.5314	
161	Phenol	108-95-2	971		0.2	0.2	C_{6}H_{6}O	c1ccc(cc1)O	94.1112	1.071
162	Urea	57-13-6	1143		0.2	0.2	CH_{4}N_{2}O	C(=O)(N)N	60.0553	1.213
163	Mellitic acid	517-60-2	2244		0.33	0.07	C_{12}H_{6}O_{12}	O=C(O)c1c(c(c(c(c1C(=O)O)C(=O)O)C(=O)O)C(=O)O)C(=O)O	342.1688	2.078
164	Phenylglyoxal monohydrate	1074-12-0	10763648		0.25	0.25	C_{8}H_{8}O_{3}	O.O=C(C=O)c1ccccc1	152.1473	
165	Sulfanilamide	63-74-1	5142		0.25	0.25	C_{6}H_{8}N_{2}O_{2}S	O=S(=O)(c1ccc(N)cc1)N	172.2049	1.427
166	Anthrone	90-44-8	6751		0.33	0.2	C_{14}H_{10}O	O=C2c1c(cccc1)Cc3c2cccc3	194.2286	1.194
167	Congo Red	573-58-0	10838		0.33	0.2	C_{32}H_{22}N_{6}Na_{2}O_{6}S_{2}	[Na+].[Na+].[O-]S(=O)(=O)c5cc(/N=N/c1ccc(cc1)c4ccc(/N=N/c3cc(c2ccccc2c3N)S([O-])(=O)=O)cc4)c(N)c6c5cccc6	696.6632	
168	N-(2-Acetamido)-2-aminoethanesulfonic acid	7365-82-4	73843		0.33	0.2	C_{4}H_{10}N_{2}O_{4}S	O=S(=O)(O)CCNCC(=O)N	182.1982	1.484
169	1,3,5-Pentanetricarboxylic acid	6940-58-5	86861		0.33	0.06	C_{8}H_{12}O_{6}	O=C(O)CCC(C(=O)O)CCC(=O)O	204.1773	1.409
170	5-Sulfoisophthalic acid monosodium salt	6362-79-4	72880		0.33	0.25	C_{8}H_{5}NaO_{7}S	[Na+].O=S([O-])(=O)c1cc(cc(C(=O)O)c1)C(=O)O	268.1759	
171	Cystathionine	535-34-2	811		0.25	0.07	C_{7}H_{14}N_{2}O_{4}S	O=C(O)C(N)CSCCC(C(=O)O)N	222.2621	1.43
172	Dithioerythritol	6892-68-8	17939		0.33	0.25	C_{4}H_{10}O_{2}S_{2}	SCC(O)C(O)CS	154.251	1.302
173	L-Citrulline	372-75-8	9367		0.25	0.2	C_{6}H_{13}N_{3}O_{3}	O=C(O)[C@@H](N)CCCNC(=O)N	175.1857	1.289
174	3-Aminobenzenesulfonic acid	121-47-1	8161		0.33	0.16	C_{6}H_{7}NO_{3}S	O=S(=O)(O)c1cccc(N)c1	173.1897	1.512
175	Azelaic acid	123-99-9	2179		0.33	0.06	C_{9}H_{16}O_{4}	O=C(O)CCCCCCCC(=O)O	188.2209	1.131
176	trans-Cinnamic acid	140-10-3	392447		0.33	0.16	C_{9}H_{8}O_{2}	O=C(O)\C=C\c1ccccc1	148.1586	1.248
177	2-Aminobenzenesulfonic acid	88-21-1	6660		0.33	0.2	C_{6}H_{7}NO_{3}S	O=S(=O)(O)c1ccccc1N	173.1897	1.512
178	m-Benzenedisulfonic acid disodium salt	831-59-4	64648		0.33	0.16	C_{6}H_{4}Na_{2}O_{6}S_{2}	[Na+].[Na+].O=S([O-])(=O)c1cccc(c1)S([O-])(=O)=O	282.2019	
179	1,4-Cyclohexanedicarboxylic acid	2305-32-	13484		0.33	0.2	C_{8}H_{12}O_{4}	O=C(O)C1CCC(C(=O)O)CC1	172.1785	1.314
180	2,2'-Thiodiglycolic acid	123-93-3	396724		0.33	0.2	C_{4}H_{6}O_{6}S	O=C(O)C(O)SC(O)C(=O)O	182.1518	1.947
181	3-Aminobenzoic acid	99-05-8	7141		0.33	0.16	C_{7}H_{7}NO_{2}	O=C(O)c1cc(N)ccc1	137.136	1.51
182	Hexamminecobalt(III) Chloride	10534-89-1	140101		0.33	0.2	H_{18}Cl_{3}CoN_{6}	[Cl-].[Cl-].[Cl-].[Co+3].N.N.N.N.N.N	267.4753	
183	Vanillic acid	121-34-6	8155		0.25	0.16	C_{8}H_{8}O_{4}	COc1cc(ccc1O)C(=O)O	168.1467	1.352
184	p-Coumaric acid	501-98-4	553148		0.25	0.16	C_{9}H_{8}O_{3}	c1cc(ccc1/C=C/C(=O)O)O	164.158	1.33
185	Phenylurea	64-10-8	5915		0.25	0.2	C_{7}H_{8}N_{2}O	O=C(Nc1ccccc1)N	136.1512	1.241
186	Poly(3-hydroxybutyric acid)	29435-48-1	96951		0.25	0.25	C_{9}H_{18}O_{6}	O=C(O)CC(O)CC.O=C(O)CC(O)C	222.2356	
187	1,2-Diaminocyclohexane sulfate	65433-80-9	303979		0.25	0.2	C_{6}H_{16}N_{2}O_{4}S	O=S(=O)(O)O.N[C@H]1CCCC[C@H]1N	212.2672	
188	Methylenediphosphonic acid	1984-15-2	15308		0.25	0.25	CH_{6}O_{6}P_{2}	O=P(O)(O)CP(=O)(O)O	176.0023	
189	Sulfanilic acid	121-57-3	8166		0.25	0.16	C_{6}H_{7}NO_{3}S	O=S(=O)(O)c1ccc(N)cc1	173.1897	
190	D-Fructose 1,6-diphosphate trisodium salt octahydrate	38099-82-0	150603		0.25	0.16	C_{6}H_{27}Na_{3}O_{20}P_{2}	[H+].[Na+].[Na+].[Na+].[O-]P([O-])(=O)OC[C@H]1OC(O)(COP([O-])([O-])=O)[C@@H](O)[C@@H]1O.O.O.O.O.O.O.O.O	550.1834	
191	D-Glucose 6-phosphate	54010-71-8	5743		0.25	0.16	C_{6}H_{13}O_{9}P	C([C@@H]1[C@H]([C@@H]([C@H](C(O1)O)O)O)O)OP(=O)(O)O	260.1358	1.97
192	L-O-Phosphoserine	407-41-0	62074		0.25	0.16	C_{3}H_{8}NO_{6}P	O=P(O)(O)OC[C@@H](C(=O)O)N	185.0725	1.809
193	O-Phospho-L-tyrosine	21820-51-9	28593		0.25	0.16	C_{9}H_{12}NO_{6}P	O=P(Oc1ccc(cc1)C[C@@H](C(=O)O)N)(O)O	261.1684	1.591
194	Benzamidine hydrochloride	1670-14-0	72530		0.25	0.05	C_{7}H_{9}ClN_{2}	[H]/N=C(/c1ccccc1)\N.Cl	156.6128	
195	L-Carnitine hydrochloride	6645-46-1	5752		0.25	0.07	C_{7}H_{16}ClNO_{3}	[Cl-].O=C(O)CC(O)C[N+](C)(C)C	197.6598	
196	L-Cystine	56-89-3	60997		0.25	0.07	C_{6}H_{12}N_{2}O_{4}S_{2}	O=C(O)[C@@H](N)CSSC[C@@H](C(=O)O)N	240.3005	1.571
197	L-Ornithine hydrochloride	3184-13-2	69117		0.25	0.16	C_{5}H_{13}ClN_{2}O_{2}	Cl.O=C(O)[C@@H](N)CCCN	168.6219	
198	Caffeine	58-08-2	2424		0.33	0.2	C_{8}H_{10}N_{4}O_{2}	Cn1cnc2c1c(=O)n(c(=O)n2C)C	194.1906	1.456
199	L-Methionine	63-68-3	5907		0.33	0.05	C_{5}H_{11}NO_{2}S	O=C(O)[C@@H](N)CCSC	149.2113	1.206
200	Ala-Ala	1948-31-8	581		0.25	0.16	C_{6}H_{12}N_{2}O_{3}	O=C(NC(C(=O)O)C)C(N)C	160.1711	1.208
201	Ala-gly	687-69-4	71426		0.25	0.2	C_{5}H_{10}N_{2}O_{3}	O=C(NCC(=O)O)C(N)C	146.1445	
202	Leu-gly-gly	1187-50-4	87406		0.33	0.16	C_{10}H_{19}N_{3}O_{4}	O=C(NCC(=O)O)CNC(=O)C(N)CC(C)C	245.2756	1.199
203	Aspartame	22839-47-0	118630		0.2	0.16	C_{14}H_{18}N_{2}O_{5}	O=C(O)C[C@H](N)C(=O)N[C@H](C(=O)OC)Cc1ccccc1	294.3031	1.28
204	Gly-asp	4685-12-5	240419		0.2	0.16	C_{6}H_{10}N_{2}O_{5}	O=C(NC(C(=O)O)CC(=O)O)CN	190.154	1.499
205	Gly-ser	7361-43-5	92542		0.2	0.16	C_{5}H_{10}N_{2}O_{4}	O=C(O)C(NC(=O)CN)CO	162.1439	1.432
206	Ser-tyr	21435-27-8	3768506		0.2	0.16	C_{12}H_{16}N_{2}O_{5}	O=C(O)C(NC(=O)C(N)CO)Cc1ccc(O)cc1	268.2658	1.417
207	Tyr-phe	17355-11-2	2665517		0.2	0.16	C_{18}H_{20}N_{2}O_{4}	O=C(O)C(NC(=O)C(N)Cc1ccc(O)cc1)Cc2ccccc2	328.3624	1.3
208	Gly-tyr	658-79-7	83798		0.33	0.16	C_{11}H_{14}N_{2}O_{4}	O=C(O)[C@@H](NC(=O)CN)Cc1ccc(O)cc1	238.2399	1.362
209	L-seryl-L-glutamic acid	6403-16-3	2848904		0.2	0.16	C_{8}H_{14}N_{2}O_{6}	O=C(NC(C(=O)O)CCC(=O)O)C(N)CO	234.2066	1.485
210	Tyr-ala	730-08-5	3293501		0.16	0.16	C_{12}H_{16}N_{2}O_{4}	O=C(O)C(NC(=O)C(N)Cc1ccc(O)cc1)C	252.2664	1.315
211	Gly-phe	3321-03-7	87926		0.33	0.16	C_{11}H_{14}N_{2}O_{3}	c1ccc(cc1)CC(C(=O)O)NC(=O)CN	222.24046	1.259
212	Glycine	56-40-6	730		0.2	0.05	C_{2}H_{5}NO_{2}	C(C(=O)O)N	75.0666	1.254
213	L-(-)-Threonine	72-19-5	6051		0.05	0.05	C_{4}H_{9}NO_{3}	C[C@H]([C@@H](C(=O)O)N)O	119.1192	1.307
214	L-(+)-Lysine	56-87-1	5747		0.16	0.05	C_{6}H_{14}N_{2}O_{2}	C(CCN)C[C@@H](C(=O)O)N	146.1876	1.125
215	L-Alanine	56-41-7	5735		0.05	0.05	C_{3}H_{7}NO_{2}	C[C@@H](C(=O)O)N	89.0932	1.161
216	L-Arginine	74-79-3	6082		0.2	0.05	C_{6}H_{14}N_{4}O_{2}	C(C[C@@H](C(=O)O)N)CN=C(N)N	174.201	1.467
217	L-Asparagine monohydrate	70-47-3	148955		0.05	0.05	C_{4}H_{10}N_{2}O_{4}	O=C(N)C[C@H](N)C(=O)O.O	150.1332	
218	L-Aspartic acid	56-84-8	5745		0.05	0.05	C_{4}H_{7}NO_{4}	C([C@@H](C(=O)O)N)C(=O)O	133.1027	1.515
219	L-Glutamic acid	56-86-0	30572		0.2	0.05	C_{5}H_{9}NO_{4}	C(CC(=O)O)[C@@H](C(=O)O)N	147.1293	1.41
220	L-Glutamine	56-85-9	5746		0.05	0.05	C_{5}H_{10}N_{2}O_{3}	O=C(N)CC[C@H](N)C(=O)O	146.1445	1.321
221	L-Serine	56-45-1	5736		0.05	0.05	C_{3}H_{7}NO_{3}	C([C@@H](C(=O)O)N)O	105.0926	1.416
222	L-Valine	72-18-4	6050		0.05	0.05	C_{5}H_{11}NO_{2}	CC(C)[C@@H](C(=O)O)N	117.1463	1.064
223	D-(+)-Maltose monohydrate	6363-53-7	388329		0.2	0.2	C_{12}H_{22}O_{11}	O([C@H]1[C@H](O)[C@@H](O)C(O)O[C@@H]1CO)[C@H]2O[C@@H]([C@@H](O)[C@H](O)[C@H]2O)CO	342.2965	1.76
224	D-(+)-Melibiose monohydrate	585-99-9	389538		0.2	0.2	C_{12}H_{22}O_{11}	O(C[C@H]1OC(O)[C@H](O)[C@@H](O)[C@@H]1O)[C@H]2O[C@@H]([C@H](O)[C@H](O)[C@H]2O)CO	342.2965	1.76
225	D-(+)-Raffinose pentahydrate	17629-30-0	2006261		0.2	0.16	C_{18}H_{42}O_{21}	O2[C@H](CO[C@H]1O[C@H](CO)[C@H](O)[C@H](O)[C@H]1O)[C@@H](O)[C@H](O)[C@@H](O)[C@H]2O[C@@]3(O[C@@H]([C@@H](O)[C@@H]3O)CO)CO.O.O.O.O.O	594.5135	
226	Stachyose hydrate	10094-58-3	388624		0.2	0.16	C_{24}H_{42}O_{21}	O3[C@H](CO[C@H]2O[C@H](CO[C@H]1O[C@H](CO)[C@H](O)[C@H](O)[C@H]1O)[C@H](O)[C@H](O)[C@H]2O)[C@@H](O)[C@H](O)[C@@H](O)[C@H]3O[C@@]4(O[C@@H]([C@@H](O)[C@@H]4O)CO)CO	666.5777	1.84
227	b-Cyclodextrin	7585-39-9	10469496		0.16	0.16	C_{42}H_{70}O_{35}	C([C@@H]1[C@@H]2[C@@H]([C@H]([C@H](O1)O[C@@H]3[C@H](O[C@@H]([C@@H]([C@H]3O)O)O[C@@H]4[C@H](O[C@@H]([C@@H]([C@H]4O)O)O[C@@H]5[C@H](O[C@@H]([C@@H]([C@H]5O)O)O[C@@H]6[C@H](O[C@@H]([C@@H]([C@H]6O)O)O[C@@H]7[C@H](O[C@@H]([C@@H]([C@H]7O)O)O[C@@H]8[C@H](O[C@H](O2)[C@@H]([C@H]8O)O)CO)CO)CO)CO)CO)CO)O)O)O	1134.9842	1.624
228	D-(+)-Cellobiose	528-50-7	10261		0.16	0.16	C_{12}H_{22}O_{11}	O([C@H]1[C@H](O)[C@@H](O)[C@H](O)O[C@@H]1CO)[C@@H]2O[C@@H]([C@@H](O)[C@H](O)[C@H]2O)CO	342.2965	1.76
229	D-(+)-Maltotriose	207511-08-8	388669		0.16	0.16	C_{18}H_{32}O_{16}	O([C@H]1[C@H](O)[C@@H](O)C(O)O[C@@H]1CO)[C@H]3O[C@@H]([C@@H](O[C@H]2O[C@H](CO)[C@@H](O)[C@H](O)[C@H]2O)[C@H](O)[C@H]3O)CO	504.4371	1.8
230	D-(+)-Melezitose hydrate	10030-67-8	83787		0.16	0.16	C_{18}H_{32}O_{16}	O1[C@H](CO)[C@@H](O)[C@H](O)[C@@H](O)[C@H]1O[C@@]3(O[C@@H]([C@@H](O)[C@@H]3O[C@H]2O[C@H](CO)[C@@H](O)[C@H](O)[C@H]2O)CO)CO	504.4371	
231	Pimelic acid	111-16-0	376		0.16	0.06	C_{7}H_{12}O_{4}	O=C(O)CCCCCC(=O)O	160.1678	1.201
232	Tetrahydroxy-1,4-benzoquinone hydrate	319-89-1	5231		0.25	0.2	C_{6}H_{4}O_{6}	O=C1C(/O)=C(/O)C(=O)C(\O)=C1\O	172.0924	
233	o-Sulfobenzoic acid monoammonium salt	6939-89-5	451123		0.25	0.2	C_{7}H_{9}NO_{5}S	O=S([O-])(=O)c1ccccc1C(=O)O.[NH4+]	219.2151	
234	Sodium 4-aminosalicylate dihydrate	6018-19-5	20993		0.25	0.2	C_{7}H_{6}NNaO_{3}	[Na+].O=C([O-])c1ccc(cc1O)N	175.1172	
235	CHAPS	75621-03-3	96843		0.06	0.06	C_{32}H_{58}N_{2}O_{7}S	[O-]S(=O)(=O)CCC[N+](C)(C)CCCNC(=O)CC[C@@H](C)[C@H]4CC[C@H]3[C@H]2[C@@H]([C@@]1([C@@H](C[C@H](O)CC1)C[C@H]2O)C)C[C@H](O)[C@@]34C	614.8771	
236	Gadolinium(III) chloride hexahydrate	10138-52-0	10724948		0.01	0.01	H_{12}ClGdO_{6}	[Gd+3].[Cl-].O.O.O.O.O.O	300.7936	
237	Samarium(III) chloride hexahydrate	10361-82-7	17339483		0.01	0.01	H_{12}Cl_{3}O_{6}Sm	Cl[Sm](Cl)Cl.O.O.O.O.O.O	364.8107	
238	Salicin	138-52-3	388601		0.25	0.2	C_{13}H_{18}O_{7}	c1ccc(c(c1)CO)O[C@H]2[C@@H]([C@H]([C@@H]([C@H](O2)CO)O)O)O	286.27782	1.504
239	Zinc chloride	7646-85-7	5525		0.02	0.004	Cl_{2}Zn	Cl[Zn]Cl	136.315	
240	Manganese(II) chloride tetrahydrate	7773-01-5	24222		0.004	0.004	H_{8}Cl_{2}MnO_{4}	[Mn+2].[Cl-].[Cl-].O.O.O.O	197.9052	
241	Copper(II) chloride dihydrate	7447-39-4	24544		0.004	0.004	H_{4}Cl_{2}CuO_{2}	[Cu+2].[Cl-].[Cl-].O.O	170.4826	2.51
242	3-Indolebutyric acid	133-32-4	8298		0.25	0.16	C_{12}H_{13}NO_{2}	C1=CC=C2C(=C1)C(=CN2)CCCC(=O)O	203.2371	1.252
243	trans-1,2-Cyclohexanedicarboxylic acid	2305-32-0	14767		0.25	0.2	C_{8}H_{12}O_{4}	C1CCC(C(C1)C(=O)O)C(=O)O	172.17848	1.314
244	Betaine anhydrous	107-43-7	242		0.2	0.2	C_{5}H_{11}NO_{2}	C[N+](C)(C)CC(=O)[O-]	117.1463	
245	Taurine	107-35-7	1091		0.2	0.16	C_{2}H_{7}NO_{3}S	O=S(=O)(O)CCN	125.1469	1.494
246	Cystamine dihydrochloride	56-17-7	5728		0.25	0.16	C_{4}H_{14}Cl_{2}N_{2}S_{2}	Cl.Cl.S(SCCN)CCN	225.2034	
247	Spermine	71-44-3	1072		0.25	0.16	C_{10}H_{26}N_{4}	C(CCNCCCN)CNCCCN	202.3402	0.937
248	Rhenium(IV) oxide	12036-09-8	74759		0.2	0.2	O_{2}Re	O=[Re]=O	218.2058	
249	Sodium tetraborate decahydrate	1330-43-4	17339255		0.2	0.2	H_{20}B_{4}Na_{2}O_{17}	[Na+].[Na+].[O-]B1OB2OB([O-])OB(O1)O2.O.O.O.O.O.O.O.O.O.O	381.3721	
250	Cytosine	71-30-7	8280480		0.25	0.2	C_{7}H_{14}N_{2}O_{4}S	O=C(O)C(N)CSCC[C@@H](C(=O)O)N	222.2621	1.43
251	Gallic acid	5995-86-8	361		0.2	0.2	C_{7}H_{6}O_{5}	O=C(O)c1cc(O)c(O)c(O)c1	170.1195	1.749
252	Sodium pyrophosphate tetrabasic decahydrate	13472-36-1	2341259		0.25	0.2	H_{20}Na_{4}O_{17}P_{2}	[Na+].[Na+].[Na+].[Na+].[O-]P([O-])(=O)OP([O-])([O-])=O.O.O.O.O.O.O.O.O.O.O	446.0552	
253	Dextran sulfate sodium salt	9011-18-1	9870625		1.0	1.0	C_{18}H_{28}NNaO_{4}	[Na+].[O-]C(=O)CCCCCCC(O)c1cccnc1OCCCCC	345.409	
254	Dextranase	9025-70-1			0.01	0.01				
255	a-Amylase				0.01	0.01				
256	Tryptone				1.0	1.0				
257	Protamine sulfate	7778-80-5	22915		1.0	1.0	K_{2}O_{4}S	[K+].[K+].[O-]S([O-])(=O)=O	174.2592	
258	Deoxyribonuclease I	9003-98-9	6067		0.01	0.01	C_{6}H_{13}NO_{2}	CC[C@H](C)[C@@H](C(=O)O)N	131.1729	
259	Deoxyribonucleic acid	6417-85-2	15968		0.5	0.5	C_{20}H_{12}O_{5}	c1ccc2c(c1)C(=O)OC23c4ccc(cc4Oc5c3ccc(c5)O)O	332.3063	1.602
260	Ribonuclease A	9001-99-4	582		0.01	0.01	C_{3}H_{7}NO_{2}	CC(C(=O)O)N	89.0932	
261	Ribonucleic acid	63231-63-0			0.5	0.5				
262	Casein	9000-71-9	4925385		0.5	0.5	C_{23}H_{18}N_{4}O_{3}	C1COC2=C(O1)C=CC(=C2)C3=C(NC(=N3)C4=CC=C(C=C4)C(=O)N)C5=CC=CC=N5	398.414	
263	Hemoglobin	9008-02-0	169458		0.5	0.5	C_{66}H_{111}N_{15}O_{21}	O=C(N[C@H](C(=O)O)CC(C)C)[C@@H](NC(=O)[C@@H](NC(=O)[C@@H](NC(=O)[C@@H](NC(=O)[C@@H](NC(=O)[C@@H](NC(=O)[C@@H](NC(=O)[C@@H](NC(=O)[C@@H](NC(=O)[C@@H](NC(=O)[C@@H](NC(=O)[C@@H](NC(=O)[C@@H](N)C)CO)CC(C)C)CC(=O)O)CCCCN)Cc1ccccc1)CC(C)C)C)CO)C(C)C)CO)[C@H](O)C)C(C)C	1450.6754	
264	Pepsin	9001-75-6	4587257		0.01	0.01	C_{31}H_{57}N_{5}O_{9}	O=C(N[C@H](C(=O)N[C@H](C(=O)N[C@@H](CC(C)C)[C@@H](O)CC(=O)N[C@H](C(=O)N[C@H]([C@@H](O)CC(=O)O)CC(C)C)C)C(C)C)C(C)C)C	643.8124	
265	Protease	9014-01-1	5022866		0.01	0.01	C_{51}H_{64}N_{4}O_{13}	O=C6c3c4C=2Nc7c(O)cc(N1CCN(CC(C)C)CC1)cc7OC=2\C5=N/C(=O)\C(=C/C=C/[C@H](C)[C@H](O)[C@@H](C)[C@@H](O)[C@@H]([C@H](OC(=O)C)[C@H]([C@@H](OC)/C=C/O[C@]6(Oc3c(c(O)c4C5=O)C)C)C)C)C	941.0729	
266	Proteinase K	39450-01-6	349735		0.01	0.01	C_{45}H_{79}N_{11}O_{15}	CC(C)CC(C(=O)NC(CC(=O)N)C(=O)NC(C(C)C)C(=O)NC(C(C)O)C(=O)NC(C(C)C)C(=O)O)NC(=O)C(CCC(=O)O)NC(=O)C(CCC(=O)N)NC(=O)C(CC(C)C)NC(=O)C(C(C)C)N	1014.1735	
267	Trypsin	9002-07-7	94826		0.01	0.01	C_{13}H_{16}O_{3}	O2C(OCC1(CC/C=C\C1)C2)c3occc3	220.2643	
268	Ovalbumin	9006-59-1	394764		1.0	1.0	C_{45}H_{74}N_{10}O_{13}	O=C(O)[C@@H](NC(=O)[C@@H](NC(=O)[C@@H](NC(=O)[C@@H](NC(=O)[C@@H](NC(=O)[C@@H](NC(=O)[C@@H](NC(=O)[C@@H](N)CO)[C@@H](C)CC)[C@@H](C)CC)CC(=O)N)Cc1ccccc1)CCC(=O)O)CCCCN)CC(C)C	963.1283	
269	D-Sorbitol	50-70-4	5576		0.2	0.2	C_{6}H_{14}O_{6}	O[C@H]([C@@H](O)CO)[C@H](O)[C@H](O)CO	182.1718	1.596
270	myo-Inositol	87-89-8	10239179		0.2	0.2	C_{6}H_{12}O_{6}	[C@@H]1([C@@H]([C@@H]([C@@H]([C@H]([C@@H]1O)O)O)O)O)O	180.1559	2.039
271	Sarcosine	107-97-1	1057		0.2	0.2	C_{3}H_{7}NO_{2}	O=C(O)CNC	89.0932	1.093
272	1,4-Diaminobutane	110-60-1	13837702		0.2	0.16	C_{4}H_{12}N_{2}	C(CCN)CN	88.1515	0.865
273	Diloxanide furoate	3736-81-0	18400		0.2	0.2	C_{14}H_{11}Cl_{2}NO_{4}	O=C(Oc1ccc(N(C(=O)C(Cl)Cl)C)cc1)c2occc2	328.1474	1.424
274	1,8-Diaminooctane	373-44-4	22672		0.25	0.16	C_{8}H_{20}N_{2}	C(CCCCN)CCCN	144.2578	0.859
275	Cadaverine	462-94-2	13866593		0.25	0.16	C_{5}H_{14}N_{2}	NCCCCCN	102.1781	0.87
276	Fumaric acid	110-17-8	10197150		0.2	0.11	C_{4}H_{4}O_{4}	C(=C/C(=O)O)\C(=O)O	116.0722	1.499
277	Spermidine	124-20-9	1071		0.2	0.16	C_{7}H_{19}N_{3}	C(CCNCCCN)CN	145.2459	0.906
278	Phytic acid sodium salt hydrate	83-86-3	16737069		0.25	0.16	C_{6}H_{6}Na_{12}O_{24}P_{6}	[Na+].[Na+].[Na+].[Na+].[Na+].[Na+].[Na+].[Na+].[Na+].[Na+].[Na+].[Na+].O=P([O-])([O-])O[C@@H]1[C@@H](OP([O-])([O-])=O)[C@H](OP([O-])([O-])=O)[C@H](OP([O-])([O-])=O)[C@H](OP([O-])([O-])=O)[C@H]1OP([O-])([O-])=O	923.8172	
279	Sodium triphosphate pentabasic	7758-29-4	22863		0.25	0.25	Na_{5}O_{10}P_{3}	[Na+].[Na+].[Na+].[Na+].[Na+].[O-]P(=O)(OP(=O)([O-])[O-])OP(=O)([O-])[O-]	367.8641	
280	Glycerol phosphate disodium salt hydrate	154804-51-0	3726654		0.2	0.2	C_{3}H_{7}Na_{2}O_{6}P	[Na+].[Na+].[O-]P([O-])(=O)OC(CO)CO	216.0374	
281	4-Aminobutyric acid	56-12-2	116		0.25	0.16	C_{4}H_{9}NO_{2}	C(CC(=O)O)CN	103.1198	1.11
282	6-Aminohexanoic acid	60-32-2	548		0.2	0.16	C_{6}H_{13}NO_{2}	O=C(O)CCCCCN	131.1729	1.043
283	b-Alanine	107-95-9	234		0.2	0.16	C_{3}H_{7}NO_{2}	O=C(O)CCN	89.0932	1.166
284	L-Canavanine	543-38-4	388342		0.2	0.07	C_{5}H_{12}N_{4}O_{3}	O=C(O)[C@@H](N)CCO\N=C(/N)N	176.1738	1.61
285	1,2,3-Heptanetriol	103404-57-5	110961		0.2	0.2	C_{7}H_{16}O_{3}	OC(CCCC)C(O)CO	148.2001	1.078
286	1,3-Propanediol	504-63-2	13839553		0.2	0.2	C_{3}H_{8}O_{2}	C(CO)CO	76.0944	1.053
287	1,4-Butanediol	110-63-4	13835209		0.2	0.2	C_{4}H_{10}O_{2}	C(CCO)CO	90.121	1.0171
288	Resorcinol	108-46-3	4878		0.2	0.2	C_{6}H_{6}O_{2}	c1cc(cc(c1)O)O	110.1106	1.276
289	2-Methyl-2,4-pentanediol	107-41-5	13884973		0.2	0.2	C_{6}H_{14}O_{2}	CC(O)CC(C)(C)O	118.1742	0.9254
290	Diethylenetriaminepentakis(methylphosphonic acid)	15827-60-8	76777		0.2	0.2	C_{9}H_{28}N_{3}O_{15}P_{5}	O=P(O)(O)CN(CP(=O)(O)O)CCN(CCN(CP(=O)(O)O)CP(=O)(O)O)CP(=O)(O)O	573.1985	1.945
291	Barbituric acid	67-52-7	5976		0.2	0.07	C_{4}H_{4}N_{2}O_{3}	O=C1NC(=O)NC(=O)C1	128.0862	1.455
292	Phloroglucinol	108-73-6	352		0.2	0.2	C_{6}H_{6}O_{3}	c1c(cc(cc1O)O)O	126.11	1.488
293	Dodecanedioic acid	693-23-2	12213		0.16	0.06	C_{12}H_{22}O_{4}	O=C(O)CCCCCCCCCCC(=O)O	230.3007	1.066
294	Glutaric acid	110-94-1	723		0.2	0.06	C_{5}H_{8}O_{4}	C(CC(=O)O)CC(=O)O	132.1146	1.317
295	Hexadecanedioic acid	505-54-4	10027		0.16	0.06	C_{16}H_{30}O_{4}	O=C(O)CCCCCCCCCCCCCCC(=O)O	286.407	1.016
296	Maleic acid	110-16-7	392248		0.11	0.11	C_{4}H_{4}O_{4}	O=C(O)\C=C/C(=O)O	116.0722	
297	Oxamic acid	471-47-6	949		0.16	0.11	C_{2}H_{3}NO_{3}	O=C(N)C(=O)O	89.0501	
298	Sebacic acid	111-20-6	5004		0.16	0.06	C_{10}H_{18}O_{4}	O=C(O)CCCCCCCCC(=O)O	202.2475	1.106
299	Suberic acid	505-48-6	10025		0.16	0.06	C_{8}H_{14}O_{4}	O=C(O)CCCCCCC(=O)O	174.1944	1.162
300	Hippuric acid	495-69-2	451		0.16	0.16	C_{9}H_{9}NO_{3}	c1ccc(cc1)C(=O)NCC(=O)O	179.1727	1.271
301	Oxalacetic acid	328-42-7	945		0.16	0.16	C_{4}H_{4}O_{5}	O=C(O)C(=O)CC(=O)O	132.0716	1.631
302	Adipic acid	124-04-9	191		0.2	0.2	C_{6}H_{10}O_{4}	C(CCC(=O)O)CC(=O)O	146.1412	1.36
303	Benzoic acid	65-85-0	238		0.25	0.2	C_{7}H_{6}O_{2}	c1ccc(cc1)C(=O)O	122.1213	1.198
304	Oxalic acid anhydrous	144-62-7	946		0.2	0.16	C_{2}H_{2}O_{4}	C(=O)(C(=O)O)O	90.0349	1.772
305	Terephthalic acid	100-21-0	7208		0.2	0.16	C_{8}H_{6}O_{4}	c1cc(ccc1C(=O)O)C(=O)O	166.1308	1.451
306	trans-Aconitic acid	4023-65-8	392201		0.25	0.2	C_{6}H_{6}O_{6}	O=C(O)\C(=C\C(=O)O)CC(=O)O	174.1082	1.66
307	4-Hydroxyphenylacetic acid	156-38-7	124		0.25	0.2	C_{8}H_{8}O_{3}	O=C(O)Cc1ccc(O)cc1	152.1473	1.319
308	Benzenephosphonic acid	1571-33-1	14560		0.2	0.2	C_{6}H_{7}O_{3}P	O=P(O)(O)c1ccccc1	158.0917	1.52
309	Melatonin	73-41-4	872		0.2	0.2	C_{13}H_{16}N_{2}O_{2}	CC(=O)NCCc1c[nH]c2c1cc(cc2)OC	232.27834	1.175
310	N-(2-carboxyethyl)-iminodiacetic acid	6245-75-6	466712		0.2	0.2	C_{7}H_{11}NO_{6}	O=C(O)CCN(CC(=O)O)CC(=O)O	205.1653	1.517
311	Trimellitic acid	528-44-9	10258		0.2	0.2	C_{9}H_{6}O_{6}	c1cc(c(cc1C(=O)O)C(=O)O)C(=O)O	210.1403	1.654
312	D-3-Phosphoglyceric acid disodium salt	80731-10-8	17347220		0.16	0.16	C_{3}H_{5}Na_{2}O_{7}P	[Na+].[Na+].[O-]P(=O)(OC[C@@H](O)C([O-])=O)O	230.0209	
313	ammonium dihydrogen phosphate		22812		3.0	0.02	H_{4}NO_{4}P	[H+].[H+].[NH4+].[O-]P(=O)([O-])[O-]	115.025701	
314	ammonium phosphate		140090		2.8	0.2	H_{12}N_{3}O_{4}P	[NH4+].[NH4+].[NH4+].[O-]P(=O)([O-])[O-]	149.086741	
315	calcium chloride		23237		2.2	0.001	CaCl_{2}	[Cl-].[Cl-].[Ca+2]	110.984	
316	diammonium hydrogen phosphate		22946		2.5	0.1	H_{9}N_{2}O_{4}P	[NH4+].[NH4+].OP(=O)([O-])[O-]	132.056221	
317	magnesium chloride		22987		2.9	0.001	Cl_{2}Mg	[Mg+2].[Cl-].[Cl-]	95.211	
318	manganese chloride		22888		1.0	0.002	Cl_{2}Mn	[Cl-].[Cl-].[Mn+2]	125.844049	
319	cobalt chloride		23045		0.1	0.0009	Cl_{2}CoO_{6}	O.O.O.O.O.O.[Cl-].[Cl-].[Co+2]	225.8356	
322	Ammonium tartrate dibasic		17459		0.096	0.0032	C_{4}H_{12}N_{2}O_{6}	O=C(O)[C@H](O)[C@@H](O)C(=O)O.N.N	184.1479	
